product_name,price_with_discount,url
/ Камера видеонаблюдения уличная WiFi 4МП,2 155 ₽,https://www.wildberries.ru/catalog/278049643/detail.aspx
/ Камера видеонаблюдения WIFI,2 541 ₽,https://www.wildberries.ru/catalog/234789322/detail.aspx
/ Уличная камера видеонаблюдения wi-fi,2 214 ₽,https://www.wildberries.ru/catalog/153115093/detail.aspx
/ Камера видеонаблюдения для дома wi-fi,1 443 ₽,https://www.wildberries.ru/catalog/243253016/detail.aspx
/ Камера видеонаблюдения уличная поворотная Wi-Fi,2 946 ₽,https://www.wildberries.ru/catalog/238231508/detail.aspx
/ Камера видеонаблюдения WiFi,1 769 ₽,https://www.wildberries.ru/catalog/239867969/detail.aspx
/ Уличная камера видеонаблюдения Wi-Fi двойная + 64ГбБ + 3м,3 713 ₽,https://www.wildberries.ru/catalog/224435870/detail.aspx
/ Камера видеонаблюдения уличная и для дома Wi-Fi 3MP,1 588 ₽,https://www.wildberries.ru/catalog/242151605/detail.aspx
/ Камера видеонаблюдения WiFi для дома,948 ₽,https://www.wildberries.ru/catalog/205816988/detail.aspx
/ Камера видеонаблюдения WiFi,2 444 ₽,https://www.wildberries.ru/catalog/260833065/detail.aspx
/ Камера видеонаблюдения уличная wi-fi поворотная 3МП для дома,1 599 ₽,https://www.wildberries.ru/catalog/165242024/detail.aspx
/ Уличная камера видеонаблюдения wi-fi,3 072 ₽,https://www.wildberries.ru/catalog/222718448/detail.aspx
/ Камера видеонаблюдения уличная 4G с двумя объективами 2МП,2 634 ₽,https://www.wildberries.ru/catalog/181644075/detail.aspx
/ Уличная камера видеонаблюдения с сим картой 4g,3 344 ₽,https://www.wildberries.ru/catalog/256191855/detail.aspx
"/ Камера видеонаблюдения для дома wi-fi ULTRA HD + 64ГБ +1,5м",2 732 ₽,https://www.wildberries.ru/catalog/246667795/detail.aspx
/ Камера видеонаблюдения Wi Fi уличная IP,2 365 ₽,https://www.wildberries.ru/catalog/212875452/detail.aspx
/ Уличная камера видеонаблюдения с сим картой 4g,2 988 ₽,https://www.wildberries.ru/catalog/196041904/detail.aspx
/ Камера видеонаблюдения Wi Fi уличная,1 157 ₽,https://www.wildberries.ru/catalog/238886992/detail.aspx
/ Камера видеонаблюдения уличная wifi умная видеокамера,3 230 ₽,https://www.wildberries.ru/catalog/252737799/detail.aspx
/ Камера видеонаблюдения уличная wifi умная видеокамера,2 761 ₽,https://www.wildberries.ru/catalog/252739617/detail.aspx
/ Уличная камера видеонаблюдения wi-fi,3 865 ₽,https://www.wildberries.ru/catalog/270798257/detail.aspx
/ Камера видеонаблюдения WiFi,2 089 ₽,https://www.wildberries.ru/catalog/273632253/detail.aspx
/ Камера видеонаблюдения уличная Wi-Fi,2 841 ₽,https://www.wildberries.ru/catalog/276496520/detail.aspx
/ Уличная камера видеонаблюдения wi-fi,3 169 ₽,https://www.wildberries.ru/catalog/202521597/detail.aspx
/ Камера видеонаблюдения уличная для дома Wi-Fi,1 238 ₽,https://www.wildberries.ru/catalog/187488494/detail.aspx
/ Камера видеонаблюдения для дома wi-fi,1 894 ₽,https://www.wildberries.ru/catalog/272150218/detail.aspx
/ Камера видеонаблюдения уличная wi-fi Ultra HD 4МП + 64ГБ +3м,2 861 ₽,https://www.wildberries.ru/catalog/181553963/detail.aspx
/ Камера видеонаблюдения wifi домашняя,1 273 ₽,https://www.wildberries.ru/catalog/264070981/detail.aspx
/ Камера видеонаблюдения уличная для дома Wi-Fi 64ГБ 3м,3 647 ₽,https://www.wildberries.ru/catalog/224452434/detail.aspx
/ Камера видеонаблюдения WiFi уличная 16 МП,2 825 ₽,https://www.wildberries.ru/catalog/251364887/detail.aspx
/ Камера видеонаблюдения уличная wi-fi с приложением,2 794 ₽,https://www.wildberries.ru/catalog/253690938/detail.aspx
/ Камера видеонаблюдения WiFi уличная 16 МП,3 135 ₽,https://www.wildberries.ru/catalog/256075198/detail.aspx
/ Камера видеонаблюдения уличная для дома WiFi,2 168 ₽,https://www.wildberries.ru/catalog/174475721/detail.aspx
/ Камера видеонаблюдения уличная Wi-Fi,1 238 ₽,https://www.wildberries.ru/catalog/163887850/detail.aspx
/ Камера видеонаблюдения wi fi для дома поворотная IP,948 ₽,https://www.wildberries.ru/catalog/203731636/detail.aspx
/ Камера видеонаблюдения для дома wifi,1 049 ₽,https://www.wildberries.ru/catalog/210431838/detail.aspx
/ Камера видеонаблюдения WIFI,2 892 ₽,https://www.wildberries.ru/catalog/178192416/detail.aspx
/ Камера видеонаблюдения WiFi для дома,939 ₽,https://www.wildberries.ru/catalog/217655673/detail.aspx
/ Камера видеонаблюдения wi fi для дома поворотная IP,1 045 ₽,https://www.wildberries.ru/catalog/211322868/detail.aspx
/ Камера видеонаблюдения WiFi уличная 16МП,3 871 ₽,https://www.wildberries.ru/catalog/264060151/detail.aspx
/ Камера видеонаблюдения уличная Wi-Fi 5 MP,1 860 ₽,https://www.wildberries.ru/catalog/265568145/detail.aspx
/ Камера видеонаблюдения WIFI,2 261 ₽,https://www.wildberries.ru/catalog/199457911/detail.aspx
/ Камера видеонаблюдения для дома уличная wifi видеокамера 4MP,2 979 ₽,https://www.wildberries.ru/catalog/199536746/detail.aspx
/ Уличная камера видеонаблюдения Wi-Fi двойная с зумом 64Гб+3м,5 262 ₽,https://www.wildberries.ru/catalog/261701567/detail.aspx
/ Камера видеонаблюдения на улицу wi-fi беспроводная для дома,2 172 ₽,https://www.wildberries.ru/catalog/194612615/detail.aspx
/ Камера видеонаблюдения WIFI,2 923 ₽,https://www.wildberries.ru/catalog/265571807/detail.aspx
/ Камера видеонаблюдения IP Wi-Fi уличная,3 190 ₽,https://www.wildberries.ru/catalog/284414390/detail.aspx
/ Камера видеонаблюдения уличная 4G с двумя объективами,2 630 ₽,https://www.wildberries.ru/catalog/219514375/detail.aspx
/ Камера видеонаблюдения уличная для дома,1 801 ₽,https://www.wildberries.ru/catalog/243117114/detail.aspx
/ Камера видеонаблюдения,1 817 ₽,https://www.wildberries.ru/catalog/275797108/detail.aspx
/ Камера видеонаблюдения для дома улицы,1 405 ₽,https://www.wildberries.ru/catalog/62905033/detail.aspx
/ Камера видеоняня Wi-Fi для дома,1 181 ₽,https://www.wildberries.ru/catalog/172176340/detail.aspx
/ Камера видеонаблюдения уличная wi-fi Ultra HD + 64ГБ +3м,2 873 ₽,https://www.wildberries.ru/catalog/238677575/detail.aspx
/ Камера видеонаблюдения уличная и для дома wi-fi 360,2 618 ₽,https://www.wildberries.ru/catalog/246882505/detail.aspx
/ Уличная камера видеонаблюдения wi-fi,2 822 ₽,https://www.wildberries.ru/catalog/202521596/detail.aspx
/ Камера видеонаблюдения уличная Wi-Fi с двумя объективами,2 300 ₽,https://www.wildberries.ru/catalog/219498548/detail.aspx
/ Камера видеонаблюдения WiFi iFEEL Vega IFS-CI004,2 123 ₽,https://www.wildberries.ru/catalog/42087219/detail.aspx
/ Камера видеонаблюдения WIFI,3 555 ₽,https://www.wildberries.ru/catalog/255524650/detail.aspx
/ Камера видеонаблюдения уличная ip от 4G сим карты 3MP,2 409 ₽,https://www.wildberries.ru/catalog/262299375/detail.aspx
/ Камера видеонаблюдения WiFi уличная 8МП,2 593 ₽,https://www.wildberries.ru/catalog/264066850/detail.aspx
/ Уличная камера видеонаблюдения 6MP 2 в 1,2 370 ₽,https://www.wildberries.ru/catalog/177982461/detail.aspx
/ Камера видеонаблюдения уличная поворотная 4G,3 752 ₽,https://www.wildberries.ru/catalog/277131443/detail.aspx
/ Камера видеонаблюдения 4G PRO,2 970 ₽,https://www.wildberries.ru/catalog/273399355/detail.aspx
/ Камера видеонаблюдения для дома через телефон со звуком,1 777 ₽,https://www.wildberries.ru/catalog/282485445/detail.aspx
/ Камера видеонаблюдения уличная wi-fi поворотная,3 001 ₽,https://www.wildberries.ru/catalog/259365390/detail.aspx
/ Wi-fi камера видеонаблюдения для дома и улицы,2 430 ₽,https://www.wildberries.ru/catalog/274042889/detail.aspx
/ Уличная камера видеонаблюдения 6MP 2 в 1 + MicroSD 64Гб,2 654 ₽,https://www.wildberries.ru/catalog/240429502/detail.aspx
/ Камера видеонаблюдения 4G Уличная для дома,2 357 ₽,https://www.wildberries.ru/catalog/187398664/detail.aspx
/ Уличная камера видеонаблюдения Wi-Fi двойная + 64Гб+ 3м,4 169 ₽,https://www.wildberries.ru/catalog/261205394/detail.aspx
/ Камера видеонаблюдения уличная от сим карты 4G,2 054 ₽,https://www.wildberries.ru/catalog/165850462/detail.aspx
/ Камера видеонаблюдения WiFi уличная 5МП,2 084 ₽,https://www.wildberries.ru/catalog/264068380/detail.aspx
/ Камера видеонаблюдения 4G уличная 16 МП,3 174 ₽,https://www.wildberries.ru/catalog/251360184/detail.aspx
/ Камера видеонаблюдения уличная с сим картой 4G,3 959 ₽,https://www.wildberries.ru/catalog/273957139/detail.aspx
/ Уличная камера видеонаблюдения для дома WIFI,1 067 ₽,https://www.wildberries.ru/catalog/163332176/detail.aspx
/ Камера видеонаблюдения уличная Wi-Fi с двумя объективами 2МП,2 452 ₽,https://www.wildberries.ru/catalog/172170435/detail.aspx
/ Камера видеонаблюдения 4G для дома и улицы 4МП,2 176 ₽,https://www.wildberries.ru/catalog/172179599/detail.aspx
/ Удлинитель питания для камеры видеонаблюдения,347 ₽,https://www.wildberries.ru/catalog/151284062/detail.aspx
/ Камера видеонаблюдения Wi fi уличная 2Мр,1 648 ₽,https://www.wildberries.ru/catalog/120766726/detail.aspx
/ Уличная 4G камера + сим карта Мегафон,1 785 ₽,https://www.wildberries.ru/catalog/98970336/detail.aspx
/ Камера видеонаблюдения уличная от сим карты 4G,2 054 ₽,https://www.wildberries.ru/catalog/165850462/detail.aspx
/ Камера видеонаблюдения уличная WiFi,1 499 ₽,https://www.wildberries.ru/catalog/90249897/detail.aspx
/ Удлинитель питания для камеры видеонаблюдения IP,681 ₽,https://www.wildberries.ru/catalog/92410904/detail.aspx
/ Камера видеонаблюдения уличная 4G с сим картой,3 698 ₽,https://www.wildberries.ru/catalog/165799063/detail.aspx
/ Камера видеонаблюдения Wi-Fi 4MP,2 322 ₽,https://www.wildberries.ru/catalog/145838692/detail.aspx
/ Камера видеонаблюдения уличная Wi-Fi,1 806 ₽,https://www.wildberries.ru/catalog/166300199/detail.aspx
/ Удлинитель питания для камер видеонаблюдения 20 метров,1 080 ₽,https://www.wildberries.ru/catalog/76011938/detail.aspx
/ Удлинитель питания камеры видеонаблюдения 10 метров,367 ₽,https://www.wildberries.ru/catalog/150454939/detail.aspx
"/ Удлинитель питания DC 2.1x5.5, 15 м",486 ₽,https://www.wildberries.ru/catalog/182802309/detail.aspx
/ Камера видеонаблюдения видео-няня,952 ₽,https://www.wildberries.ru/catalog/73609857/detail.aspx
/ Камера видеонаблюдения уличная ip от 4G сим карты 3MP,2 393 ₽,https://www.wildberries.ru/catalog/99884072/detail.aspx
/ Камера видеонаблюдения уличная для дома с сим картой,1 997 ₽,https://www.wildberries.ru/catalog/167779319/detail.aspx
/ Удлинитель питания для камер видеонаблюдения 10 метров,640 ₽,https://www.wildberries.ru/catalog/76008243/detail.aspx
/ Камера видеонаблюдения уличная для дома,2 926 ₽,https://www.wildberries.ru/catalog/171869138/detail.aspx
/ Камера видеонаблюдения уличная wifi ip двойная 3MP,1 983 ₽,https://www.wildberries.ru/catalog/164358018/detail.aspx
/ Скрытая Мини камера видеонаблюдения Wi Fi,1 896 ₽,https://www.wildberries.ru/catalog/154492954/detail.aspx
/ Камера видеонаблюдения уличная wi-fi поворотная 3МП для дома,1 599 ₽,https://www.wildberries.ru/catalog/165242024/detail.aspx
